MOTOR,Company,Max Thrust,Recommended ESC,Recommended Propeller,LINK - Motor ,LINK - ESC,LINK - Propeller
Emax ES3059MD 12g metal digital actuator for RC model and robot PWM actuator,Emax,,,,https://emaxmodel.com/products/emax-es3059md-12g-metal-digital-actuator-for-rc-model-and-robot-pwm-actuator,,
EMAX ECOIII series 2807 3-6S 1300KV  1500KV 1700KV brushless motor,Emax,,,,https://emaxmodel.com/products/eamx-ecoiii-series-2807-3-6s-1300kv-1500kv-1700kv-brushless-motor-drone-motor-accessories,,
Emax ECOII3115 400KV / 500KV / 640KV / 800KV / 900KV Brushless Motor for FPV Racing Drone,Emax,,,,https://emaxmodel.com/products/emax-ecoii3115-400kv-500kv-640kv-800kv-900kv-brushless-motor-for-fpv-racing-drone,,
Emax ECOII 3515 450KV / 550KV / 650KV / 880KV Brushless Motor for FPV Racing Drone,Emax,,,,https://emaxmodel.com/products/emax-ecoii-3515-450kv-550kv-650kv-880kv-brushless-motor-for-fpv-racing-drone,,
EMAX ECOIII series 2207 3-6S 1700KV 1900KV 2400KV brushless motor,Emax,,,,https://emaxmodel.com/products/eamx-ecoiii-series-2207-3-6s-1700kv-1900kv-2400kv-brushless-motor-drone-motor-accessories,,
Emax RSIII 2207 FPV Racing motor w/ 1800KV 2100KV 2500KV,Emax,,,,https://emaxmodel.com/products/emax-rsiii-2207-fpv-racing-motor,,
EMAX Pro Series 2814 Brushless Motor,Emax,,,,https://emaxmodel.com/products/emax-pro-series-2814-brushless-motor,,
emax,EMAX,,,,https://emax-usa.com/collections/brushless-motors,,
EMAX Tinyhawk Lite Spare Parts -0816 2CW 2CCW Motor Set,Emax,,,,https://emaxmodel.com/products/emax-tinyhawk-lite-spare-parts-0816-2cw-2ccw-motor-set,,
EMAX Tinyhawk Lite Spare Parts Pack-Prop 40MM 3-Blade 4CW+4CCW,Emax,,,40MM 3-Blade,https://emaxmodel.com/products/emax-tinyhawk-lite-spare-parts-camera,,
EMAX Tinyhawk Lite Spare Parts -AIO Flight Controller,Emax,,,,https://emaxmodel.com/products/emax-tinyhawk-lite-spare-parts-aio-flight-controller,,
EMAX Tinyhawk Lite Spare Parts -Hardware Kit,Emax,,,,https://emaxmodel.com/products/emax-tinyhawk-lite-spare-parts-hardware-kit-1,,
EMAX ECOII 4720 Brushless Motor 6-12S 290KV 380KV Motor,Emax,,,,https://emaxmodel.com/products/emax-ecoii-4720-brushless-motor-6-12s-290kv-380kv-motor,,
EMAX ECOII 4215 Brushless Motor 6-12S 350KV 420KV 520KV 660KV Motor,Emax,,,,https://emaxmodel.com/products/emax-ecoii-4215-brushless-motor-6-12s-350kv-420kv-520kv-660kv-motor,,
Emax Tinyhawk Nanoscout HDZero BNF 65mm 08015 Motor 5 in 1 AIO FPV Racing Drone 2.4G ELRS,Emax,,,,https://emaxmodel.com/products/emax-tinyhawk-nanoscout-hdzero-bnf-65mm-08015-motor-5-in-1-aio-fpv-racing-drone-2-4g-elrs,,
Emax Tinyhawk Nanoscout HDZero RTF 65mm 08015 Motor 5 in 1 AIO 2.4G ELRS FPV Racing Drone Combo,Emax,,,,https://emaxmodel.com/products/emax-tinyhawk-nanoscout-hdzero-rtf-65mm-08015-motor-5-in-1-aio-2-4g-elrs-fpv-racing-drone-combo,,
EMAX ES9256HV Digital Serial Servo Metal Gear 0.07s/60° 4.8V TTL 360° Continuous Rotation for Robot and Fixed-wing RC Model,Emax,,,,https://emaxmodel.com/products/emax-es9256hv-digital-serial-servo-metal-gear-0-07s-60-4-8v-ttl-360-continuous-rotation-for-robot-and-fixed-wing-rc-model,,
EMAX ECOIII series 2306 3-6S 1700KV  1900KV 2400KV brushless motor,Emax,,,,https://emaxmodel.com/products/eamx-ecoiii-series-2306-3-6s-1700kv-1900kv-2400kv-brushless-motor-drone-motor-accessories,,
EMAX ECOIII series 2808 3-6S 1300KV  1500KV  brushless motor,Emax,,,,https://emaxmodel.com/products/eamx-ecoiii-series-2808-3-6s-1300kv-1500kv-brushless-motor-drone-motor-accessories,,
Notification on Changes to EMAX Product Anti-Counterfeit,Emax,,,,https://emaxmodel.com/products/notification-on-changes-to-emax-product-anti-counterfeit,,
Emax Tinyhawk Nanoscout Spare Parts Pack D - Runcam Nano 3,Emax,,,,https://emaxmodel.com/products/tinyhawk-nanoscout-spare-parts-pack-b-hardware-kit-copy,,
Emax Tinyhawk Nanoscout Spare Parts Pack C - All-In-One AIO FC ESC ELRS,Emax,,,,,https://emaxmodel.com/products/tinyhawk-nanoscout-fpv-racing-drone-rtf-elrs-copy,
Emax Tinyhawk Nanoscout Spare Parts Pack B - Hardware Kit,Emax,,,,https://emaxmodel.com/products/tinyhawk-nanoscout-spare-parts-pack-e-avia-31mm-3blades-4cw-4ccw-propeller-copy-1,,
Emax Tinyhawk Nanoscout Spare Parts - 08015 22000KV Brushless Motor,Emax,,,,https://emaxmodel.com/products/tinyhawk-nanoscout-spare-parts-pack-e-avia-31mm-3blades-4cw-4ccw-propeller-copy,,
Emax Tinyhawk Nanoscout 65mm 08015 22000KV 4in1 6A ELRS RX FPV Racing Drone RTF,Emax,,,,https://emaxmodel.com/products/tinyhawk-nanoscout-fpv-racing-drone-bnf-elrs-copy,,
Emax Tinyhawk Nanoscout 65mm 08015 22000KV 4in1 6A ELRS RX FPV Racing Drone BNF,Emax,,,,https://emaxmodel.com/products/tinyhawk-nanoscout-fpv-racing-drone-bnf-elrs,,
EMAX Wyvern Link Open IPC RX Alpha Units  2W,Emax,,,,https://emaxmodel.com/products/emax-open-ipc-rx-alpha-units-2w,,
EMAX Wyvern Link Open IPC RX Alpha Units  100mW,Emax,,,,https://emaxmodel.com/products/emax-open-ipc-rx-alpha-units-100mw,,
Emax EM2.0 Connector - 3 Pack,Emax,,,,https://emaxmodel.com/products/emax-em2-0-connector-3-pack,,
EMAX Hawk 10 inch 5.8G 2.5W ELRS ECOII3115 BNF FPV Racing drone,Emax,,,,https://emaxmodel.com/products/emax-hawk-10-inch-5-8g-2-5w-elrs-bnf-version-drone,,
EMAX Hawk 9 inch 5.8G 2.5W ELRS ECOII2814 BNF FPV Racing Drone,Emax,,,,https://emaxmodel.com/products/emax-hawk-9-inch-5-8g-2-5w-elrs-bnf-version-drone,,
EMAX Hawk 8 inch 5.8G 2.5W ELRS ECOII2812 BNF FPV Racing Drone,Emax,,,8 inch,https://emaxmodel.com/products/emax-hawk-8-inch-5-8g-2-5w-elrs-bnf-version-drone,,
EMAX Hawk 7 inch 5.8G 2.5W ELRS ECOII2807 BNF FPV Racing drone,Emax,,,,https://emaxmodel.com/products/emax-hawk-7-inch-5-8g-2-5w-elrs-bnf-version-drone,,
Emax Cinehawk Mini 2.5Inch FPV Racing Drone with 2.4G ELRS DJI O3,Emax,,,,https://emaxmodel.com/products/emax-cinehawk-mini-elrs-dji-receiver-2-5inch-fpv-drone,,
EMAX Pro Series 2812 Brushless Motor,Emax,,,,https://emaxmodel.com/products/emax-pro-series-2812-brushless-motor,,
EMAX Pro Series 2810 Brushless Motor,Emax,,,,https://emaxmodel.com/products/emax-pro-series-2810-brushless-motor,,
EMAX PRO Series 2808 Brushless Motor,Emax,,,,https://emaxmodel.com/products/emax-pro-series-2808-brushless-motor,,
EMAX ELRS E8 Remote Transmitter for FPV Racing Drone,Emax,,,,https://emaxmodel.com/products/emax-elrs-e8-transmitter-drone-remote-control,,
Emax ECOII 2814 3-6S 730KV 830KV Brushless Motor for RC Drone FPV Racing,Emax,,,,https://emaxmodel.com/products/emax-ecoii-2814-3-6s-730kv-830kv-brushless-motor-for-rc-drone-fpv-racing,,
Emax ECOII 2812 3-6S 930KV 1100KV Brushless Motor for RC Drone FPV Racing,Emax,,,,https://emaxmodel.com/products/copy-of-emax-ecoii-2810-3-6s-950kv-1150kv-brushless-motor-for-rc-drone-fpv-racing,,
Emax ECOII 2810 3-6S 950KV 1150KV Brushless Motor for RC Drone FPV Racing,Emax,,,,https://emaxmodel.com/products/emax-ecoii-2810-3-6s-950kv-1150kv-brushless-motor-for-rc-drone-fpv-racing,,
EMAX Tinyhawk III PLUS Freestyle Spare Parts Pack B-3Inch Bottom Plate,Emax,,,,https://emaxmodel.com/products/emax-tinyhawk-iii-plus-freestyle-spare-parts-pack-b-3inch-bottom-plate,,
EMAX Tinyhawk III PLUS Freestyle Spare Parts Pack A -2.5Inch Plate Set,Emax,,,,https://emaxmodel.com/products/tinyhawk-3-plus-housing-screw-pack-component-a-package,,
Emax ELRS Receiver + Type T Antenna,Emax,,,,https://emaxmodel.com/products/emax-elrs-receiver-type-t-antenna,,
EMAX Tinyhawk III Plus Freestyle FPV Racing Drone RTF & BNF  Analog version Plus ELRS,Emax,,,,https://emaxmodel.com/products/emax-tinyhawk-iii-plus-freestyle-fpv-racing-drone-rtf-bnf-analog-version-plus-elrs,,
EMAX Tinyhawk III Plus Freestyle FPV Racing Drone RTF & BNF with HD Zero Plus ELRS,Emax,,,,https://emaxmodel.com/products/emax-tinyhawk-iii-plus-freestyle-fpv-racing-drone-rtf-bnf-with-hd-zero-plus-elrs,,
EMAX Tinyhawk III Plus FPV Racing Drone RTF & BNF with HD Zero Version plus ELRS,Emax,,,,https://emaxmodel.com/products/emax-tinyhawk-iii-plus-fpv-racing-drone-rtf-bnf-with-hd-zero-analog-version-plus-elrs,,
EMAX Tinyhawk III Plus FPV Racing Drone RTF & BNF with Analog Version plus ELRS,Emax,,,,https://emaxmodel.com/products/emax-tinyhawk-iii-plus-fpv-racing-drone-rtf-bnf-with-analog-version-plus-elrs,,
Emax RSIII 2306 FPV Racing motor w/ 1800KV 2100KV 2500KV,Emax,,,,https://emaxmodel.com/products/emax-rsiii-2306-fpv-racing-motor,,
Emax Aeris Link TX /Aeris Link Micro ELRS ExpressLRS 2.4G&915M,Emax,,,,https://emaxmodel.com/products/emax-aeris-link-tx-aeris-link-micro-expresslrs-2-4g-915m,,
Emax Babyhawk O3 Air Unit 3.5Inch FPV Drone BNF Plus ELRS,Emax,,,,https://emaxmodel.com/products/emax-babyhawk-o3-air-unit-3-5inch-fpv-drone-bnf-elrs-bnf-on-board-rx,,
EMAX T-Shirt,emaxmodelstore,,,,https://emaxmodel.com/products/emax-fpv-t-shirt,,
EMAX ELRS_2.4G_RX 中文说明书V1.0,Emax,,,,https://emaxmodel.com/products/emax-elrs_2-4g_rx说明书_v1-0,,
Emax Cinehawk HD O3 Air Unit 3.5Inch FPV Drone BNF ELRS / BNF On board RX,Emax,,,,https://emaxmodel.com/products/emax-cinehawk-bnf-pnp-hd-o3-air-unit-3-5inch-fpv-drone,,
EMAX Multicopter motor MT4114,emaxmodelstore,,,,https://emaxmodel.com/products/emax-multicopter-motor-mt4114,,
Emax Hawk Apex 5inch FPV Racing Drone PNP with STM32F722 4IN1 25A ESC Runcam Nano HD zero,Emax,,,,,https://emaxmodel.com/products/5-inch-drone-pnp,
Emax Hawk Apex 5inch FPV Racing Drone BNF with STM32F722 4IN1 25A ESC HD zero whoop Runcam Nano HD zero,Emax,,,,,https://emaxmodel.com/products/5-inch-drone-bnf,
Emax Hawk Apex 3.5inch FPV Racing Drone with STM32F722 4IN1 25A ESC HD zero whoop Runcam Nano HD zero,Emax,,,,,https://emaxmodel.com/products/3-5-inch-drone,
EMAX MT2213 935KV Multicopter Brushless Motor,emaxmodelstore,,,,https://emaxmodel.com/products/emax-mt2213-935kv-multicopter-brushless-motor,,
Emax ES3059D 9g digital actuator for RC model and robot PWM actuator,Emax,,,,https://emaxmodel.com/products/emax-es3059d-9g-digital-actuator-for-rc-model-and-robot-pwm-actuator,,
EMAX 2.4G E8 8CH Remote Transmitter for FPV Racing Drone,Emax,,,,https://emaxmodel.com/products/emax-2-4g-8ch-e8-transmitter-for-fpv-racing-drone,,
EMAX ES3005 42g Metal Analog Servo for RC Airplane Waterproof,emaxmodelstore,,,,https://emaxmodel.com/products/emax-es3005-42g-metal-analog-servo-for-rc-airplane-waterproof,,
Emax ECO II Series 2004 1600KV 2000KV 2400KV 3000KV Brushless Motor for RC Drone FPV Racing,Emax,,,,https://emaxmodel.com/products/emax-eco-ii-series-2004-1600kv-2000kv-2400kv-3000kv-brushless-motor-for-rc-drone-fpv-racing,,
★EMAX Skyline32+OSD Flight Controller (Acro),emaxmodelstore,,,,https://emaxmodel.com/products/emax-skyline32-osd-flight-controller-acro,,
★EMAX RS2306 White Editions RaceSpec Motor 2750KV 2400KV 3-4S Racing Brushess Motor For FPV Racing,Emax,,,,https://emaxmodel.com/products/emax-rs2306-white-editions-racespec-motor-2750kv-2400kv-3-4s-racing-brushess-motor-for-fpv-racing,,
Emax Simon 50A UBEC ESC,Emax,,,,,https://emaxmodel.com/products/copy-of-blheli-series-6a-esc-with-solder,
"Emax Babyhawk II - 3.5"" Micro FPV Drone TBS UNIFY PRO32 NANO 5G8 V1.1 RunCam Racer 5 FPV racing drone",Emax,,,,https://emaxmodel.com/products/emax-babyhawk-ii-3-5-micro-fpv-drone-tbs-unify-pro32-nano-5g8-v1-1-runcam-racer-5-fpv-racing-drone,,
★EMAX Nanohawk X 3 inch FPV Racing Drone BNF,Emax,,,,https://emaxmodel.com/products/emax-nanohawk-x-3-inch-fpv-racing-drone-bnf,,
Emax remote transmitter strap,Emax,,,,https://emaxmodel.com/products/emax-remote-transmitter-strap,,
EMAX Logo Cap,Emax,,,,https://emaxmodel.com/products/emax-logo-cap,,
Emax Portable Multi-In-One Clamping Motor Fixed Removal Pliers Tools For FPV Racing Drone Aircraft,Emax,,,,https://emaxmodel.com/products/emax-portable-multi-in-one-clamping-motor-fixed-removal-pliers-tools-for-fpv-racing-drone-aircraft,,
★EMAX Nighthawk-X4,emaxmodelstore,,,,https://emaxmodel.com/products/emax-nighthawk-x4,,
★EMAX Nighthawk-X5,Emax,,,,https://emaxmodel.com/products/emax-nighthawk-x5,,
★EMAX BUZZ - Middle Plates inc rear SMA mount part C,emaxmodelstore,,,,https://emaxmodel.com/products/emax-buzz-middle-plates-inc-rear-sma-mount-part-c,,
★EMAX BUZZ - Bottom Plate part D,emaxmodelstore,,,,https://emaxmodel.com/products/emax-buzz-bottom-plate-part-d,,
★EMAX Buzz Arm Set 2 pcs part E,emaxmodelstore,,,,https://emaxmodel.com/products/emax-buzz-arm-set-2-pcs-part-e,,
Emax Babyhawk-R RACE(R) Edition 112mm F3 Magnum Mini 5.8G FPV Racing RC Drone 3S-4S PNP,emaxmodelstore,,,,https://emaxmodel.com/products/emax-babyhawk-r-racer-edition-112mm-f3-magnum-mini-5-8g-fpv-racing-rc-drone-3s-4s-pnp,,
★Power board 25A for EMAX Simon 4in1 ESC,emaxmodelstore,,,,,https://emaxmodel.com/products/power-board-25a-for-emax-simon-4in1-esc,
Emax Buzz 245mm-5-inch  F4 1700KV 5-6S - 2400KV 4S Freestyle FPV Racing Drone PNP(Without Receiver),emaxmodelstore,,,,https://emaxmodel.com/products/emax-buzz-245mm-5-inch-f4-1700kv-5-6s-2400kv-4s-freestyle-fpv-racing-drone-pnpwithout-receiver,,
★EMAX BUZZ - Top plate part A,emaxmodelstore,,,,https://emaxmodel.com/products/emax-buzz-top-plate-part-a,,
EMAX BULLET 35A PRO EDITION (LED CONTROL),Emax,,,,,https://emaxmodel.com/products/emax-bullet-35a-pro-edition-led-control,
EMAX Babyhawk 87mm Femto F3 Bullet 6A 1104 5250kv Brushless Motor Mirco Brushless FPV Racer PNP,emaxmodelstore,,6A,,https://emaxmodel.com/products/emax-babyhawk-87mm-femto-f3-bullet-6a-1104-5250kv-brushless-motor-mirco-brushless-fpv-racer-pnp,,
EMAX D-SHOT Bullet Series 6A 2S BLHELI_S ESC 2.1g Support Onshot42 Multishot,Emax,,,,,https://emaxmodel.com/products/emax-d-shot-bullet-series-6a-2s-blheli_s-esc-2-1g-support-onshot42-multishot,
Emax Buzz 245mm-5-inch  F4 1700KV 5-6S - 2400KV 4S Freestyle FPV Racing Drone BNF(With FrSky XM+ Receiver),emaxmodelstore,,,,https://emaxmodel.com/products/emax-buzz-245mm-5-inch-f4-1700kv-5-6s-2400kv-4s-freestyle-fpv-racing-drone-bnfwith-frsky-xm-receiver,,
EMAX Platics Motor For Multicopter PM1806,emaxmodelstore,,,,https://emaxmodel.com/products/emax-platics-motor-for-multicopter-pm1806,,
★EMAX RS2205 RaceSpec Motor - Cooling Series,Emax,,,,https://emaxmodel.com/products/emax-rs2205-racespec-motor-cooling-series,,
★ EMAX RS1108  4500KV-5200KV-6000KV  Brushless Motor For Micro FPV Racing Quad,emaxmodelstore,,,,https://emaxmodel.com/products/emax-rs1108-4500kv-5200kv-6000kv-brushless-motor-for-micro-fpv-racing-quad,,
Emax ECO II Series 2807 3-6S 1300KV 1700KV 1500KV Brushless Motor for RC Drone FPV Racing,emaxmodelstore,,,,https://emaxmodel.com/products/emax-eco-ii-series-2807-1300kv-1700kv-1500kv-brushless-motor-for-rc-drone-fpv-racing,,
Emax ECO II Series 2306 1700KV 1900KV 2400KV Brushless Motor for RC Drone FPV Racing,emaxmodelstore,,,,https://emaxmodel.com/products/emax-eco-ii-series-2306-1700kv-1900kv-2400kv-brushless-motor-for-rc-drone-fpv-racing,,
Emax ECO II Series 2207 1700KV 1900KV 2400KV Brushless Motor for RC Drone FPV Racing,emaxmodelstore,,,,https://emaxmodel.com/products/emax-eco-ii-series-2207-3-6s-1700kv-1900kv-2400kv-brushless-motor-for-rc-drone-fpv-racing,,
EMAX Multicopter motor MT1806,emaxmodelstore,,,,https://emaxmodel.com/products/emax-multicopter-motor-mt1806,,
EMAX F4 Magnum II Flight Controller FC OmniF4,emaxmodelstore,,,,https://emaxmodel.com/products/emax-f4-magnum-ii-flight-controller-fc-omnif4,,
EMAX Simon Series 60A UBEC For Multirotor,emaxmodelstore,,,,,https://emaxmodel.com/products/emax-simon-series-60a-ubec-for-multirotor,
Emax Babyhawk-R RACE(R) Edition 136mm F3 Magnum Mini 5.8G FPV Racing RC Drone 3S-4S PNP,emaxmodelstore,,,,https://emaxmodel.com/products/emax-babyhawk-r-racer-edition-136mm-f3-magnum-mini-5-8g-fpv-racing-rc-drone-3s-4s-pnp,,
Emax Babyhawk-R RACE(R) Edition 136mm F3 Magnum Mini 5.8G FPV Racing RC Drone 3S-4S BNF,emaxmodelstore,,,,https://emaxmodel.com/products/emax-babyhawk-r-racer-edition-136mm-f3-magnum-mini-5-8g-fpv-racing-rc-drone-3s-4s-bnf,,
Emax Babyhawk R Pro 120mm F4 Magnum Mini 5.8G FPV Racing RC Drone 2~3S PNP,emaxmodelstore,,,,https://emaxmodel.com/products/emax-babyhawk-r-pro-120mm-f4-magnum-mini-5-8g-fpv-racing-rc-drone-2-3s-pnp,,
EMAX Multicopter motor MT3515,emaxmodelstore,,,,https://emaxmodel.com/products/emax-multicopter-motor-mt3515,,
EMAX Interceptor FPV RC Car Spare Parts Kit - Custom 3pc Shell Kit,emaxmodelstore,,,,https://emaxmodel.com/products/emax-interceptor-fpv-rc-car-spare-parts-kit-custom-3pc-shell-kit,,
EMAX Tinyhawk II Freestyle parts - Hardware KIT,emaxmodelstore,,,,https://emaxmodel.com/products/emax-tinyhawk-ii-freestyle-parts-hardware-kit,,
EMAX Tinyhawk II Freestyle parts - Side Plate,emaxmodelstore,,,,https://emaxmodel.com/products/emax-tinyhawk-ii-freestyle-parts-side-plate,,
EMAX Tinyhawk II Freestyle parts - Top Plate,emaxmodelstore,,,,https://emaxmodel.com/products/emax-tinyhawk-ii-freestyle-parts-top-plate,,
EMAX Tinyhawk II Freestyle parts - Bottom Plate,emaxmodelstore,,,,https://emaxmodel.com/products/emax-tinyhawk-ii-freestyle-parts-bottom-plate,,
Emax EZ pilot FPV Racing Drone 0816 motor 2x CW thread 2x CCW thread,emaxmodelstore,,,,https://emaxmodel.com/products/emax-ezpilot-fpv-racing-drone-0816-motor-2x-cw-thread-2x-ccw-thread,,
Emax Interceptor FPV RC Car Spare Part D - Shell + Wheels Kit,emaxmodelstore,,,,https://emaxmodel.com/products/emax-interceptor-fpv-rc-car-spare-part-d-shell-wheels-kit,,
Emax Interceptor FPV RC Car Spare Part C - Motor + Motor Case Kit,emaxmodelstore,,,,https://emaxmodel.com/products/emax-interceptor-fpv-rc-car-spare-part-c-motor-motor-case-kit,,
Emax Interceptor FPV RC Car Spare Part B - Steering + Suspension Kit,emaxmodelstore,,,,https://emaxmodel.com/products/emax-interceptor-fpv-rc-car-spare-part-b-steering-suspension-kit,,
Emax Interceptor FPV RC Car Spare Part A - Body Parts Kit,emaxmodelstore,,,,https://emaxmodel.com/products/emax-interceptor-fpv-rc-car-spare-part-a-body-parts-kit,,
★EMAX ECO Micro 1106 2-3S 4500KV 6000KV CW Brushless Motor For FPV Racing RC Drone,emaxmodelstore,,,,https://emaxmodel.com/products/emax-eco-micro-1106-2-3s-4500kv-6000kv-cw-brushless-motor-for-fpv-racing-rc-drone,,
★EMAX ECO Micro 1404 2~4S 3700KV 6000KV CW Brushless Motor For FPV Racing RC Drone,emaxmodelstore,,,,https://emaxmodel.com/products/emax-eco-micro-1404-2-4s-3700kv-6000kv-cw-brushless-motor-for-fpv-racing-rc-drone,,
★EMAX ECO Micro Series 1407 2~4S 2800KV 3300KV 4100KV Brushless Motor For FPV Racing RC Drone,emaxmodelstore,,,,https://emaxmodel.com/products/emax-eco-micro-series-1407-2-4s-2800kv-3300kv-4100kv-brushless-motor-for-fpv-racing-rc-drone,,
★EMAX Nano 5.8G Antenna RHCP-LHCP Stubby SMA 3dBi FPV Antenna for FPV Racing Drone,emaxmodelstore,,,,https://emaxmodel.com/products/emax-nano-5-8g-antenna-rhcp-lhcp-stubby-sma-3dbi-fpv-antenna-for-fpv-racing-drone,,
★ EMAX Freestyle Brushless Performance Motor FS2208 2500kv for FPV drone,emaxmodelstore,,,,https://emaxmodel.com/products/emax-freestyle-brushless-performance-motor-fs2208-2500kv-for-fpv-drone,,
EMAX Tinyhawk Freestyle - Hardware Pack,emaxmodelstore,,,,https://emaxmodel.com/products/emax-tinyhawk-freestyle-hardware-pack,,
★EMAX Tinyhawk Freestyle - Replacement Bottom Plate,emaxmodelstore,,,,https://emaxmodel.com/products/emax-tinyhawk-freestyle-replacement-bottom-plate,,
EMAX TH1103 - Tinyhawk Freestyle Tinyhawk Race replacement motor 7000kv 7500kv,emaxmodelstore,,,,https://emaxmodel.com/products/emax-th1103-tinyhawk-freestyle-tinyhawk-race-replacement-motor-7000kv-7500kv,,
EMAX ES3452 Metal Gear Digital servo for use in TRX vehicles,emaxmodelstore,,,,https://emaxmodel.com/products/emax-es3452-metal-gear-digital-servo-for-use-in-trx-vehicles,,
EMAX Tinyhawk Freestyle 115mm F411 2S 1103 7000KV 2.5Inch Fpv Racing Drone BNF,emaxmodelstore,,,,https://emaxmodel.com/products/emax-tinyhawk-freestyle-115mm-f411-2s-1103-7000kv-2-5inch-fpv-racing-drone-bnf,,
★EMAX Nano 5.8G FPV Antenna- RHCP-LHCP 50mm UFL-SMA-MMCX-MMCX Angle for racing drone,emaxmodelstore,,,,https://emaxmodel.com/products/emax-nano-5-8g-fpv-antenna-rhcp-lhcp-50mm-ufl-sma-mmcx-mmcx-angle-for-racing-drone,,
★ Emax Freestyle FS2306 2306 1700KV 3-6S - 2400KV 3-4S Brushless Motor for Buzz Hawk RC Drone FPV Racing,emaxmodelstore,,,,https://emaxmodel.com/products/emax-freestyle-fs2306-2306-1700kv-3-6s-2400kv-3-4s-brushless-motor-for-buzz-hawk-rc-drone-fpv-racing,,
EMAX 0802 Brushless Motor For Indoor Racing Drone- Tinyhawk S Performance Part,emaxmodelstore,,,,https://emaxmodel.com/products/emax-0802-brushless-motor-for-indoor-racing-drone-tinyhawk-s-performance-part,,
Emax ECO Series 2207 3-6S 1700KV 1900KV 2400KV Brushless Motor for RC Drone FPV Racing,emaxmodelstore,,,,https://emaxmodel.com/products/emax-eco-series-2207-3-6s-1700kv-1900kv-2400kv-brushless-motor-for-rc-drone-fpv-racing,,
"★EMAX BUZZ - Complete hardware kit, inc vibration dampeners part G",emaxmodelstore,,,,https://emaxmodel.com/products/emax-buzz-complete-hardware-kit-inc-vibration-dampeners-part-g,,
4 in 1 Emax Hexagon Socket Screwdriver Set Allen Driver H1.5 H2.0 H2.5 H3.0mm Modeling Making Tools for RC Model FPV Building,emaxmodelstore,,,,https://emaxmodel.com/products/4-in-1-emax-hexagon-socket-screwdriver-set-allen-driver-h1-5-h2-0-h2-5-h3-0mm-modeling-making-tools-for-rc-model-fpv-building,,
EMAX Baseball Cap FPV Racing Drone Hat,emaxmodelstore,,,,https://emaxmodel.com/products/emax-baseball-cap-fpv-racing-drone-hat,,
Satomi EMAX logo stickers,emaxmodelstore,,,,https://emaxmodel.com/products/satomi-emax-logo-stickers,,
★EMAX XT2216 910KV-1150KV-1290KV Motor for Aircraft & Multicopter,emaxmodelstore,,,,https://emaxmodel.com/products/emax-xt2216-910kv-1150kv-1290kv-motor-for-aircraft-multicopter,,
★EMAX XT2212 980KV-1250KV-1370KV Motor for Aircraft Multicopter,emaxmodelstore,,,,https://emaxmodel.com/products/emax-xt2212-980kv-1250kv-1370kv-motor-for-aircraft-multicopter,,
★EMAX RS1408 2300KV-3600KV Brushless Motor For Micro FPV Racing Quad,emaxmodelstore,,,,https://emaxmodel.com/products/emax-rs1408-2300kv-3600kv-brushless-motor-for-micro-fpv-racing-quad,,
EMAX Tiny - D8 Receiver 2.4G 8CH Mini FrSky Compatible Receiver With SBUS Output,emaxmodelstore,,,,https://emaxmodel.com/products/emax-tiny-d8-receiver-2-4g-8ch-mini-frsky-compatible-receiver-with-sbus-output,,
Emax ECO Series 2306 6S 1700KV 4S 2400KV Brushless Motor for RC Drone FPV Racing,emaxmodelstore,,,,https://emaxmodel.com/products/emax-eco-series-2306-6s-1700kv-4s-2400kv-brushless-motor-for-rc-drone-fpv-racing,,
EMAX Tinyhawk indoor drone part - Hardware pack include FC rubber dampeners. Include all pieces hardware x1 pcs,emaxmodelstore,,,,https://emaxmodel.com/products/emax-tinyhawk-indoor-drone-part-hardware-pack-include-fc-rubber-dampeners-include-all-pieces-hardware-x1-pcs,,
★Emax Babyhawk Race Pro 2.5 Spare Parts - Hardware Pack Screw Set,emaxmodelstore,,,,https://emaxmodel.com/products/emax-babyhawk-race-pro-2-5-spare-parts-hardware-pack-screw-set,,
EMAX Lite Spec LS2206 Brushless Motor for FPV Racing and Freestyle,emaxmodelstore,,,,https://emaxmodel.com/products/emax-lite-spec-ls2206-brushless-motor-for-fpv-racing-and-freestyle-1,,
★ EMAX 1606 RS1606 3300KV 4000KV Brushless Motor 3-4S For RC Drone FPV Racing Multi Rotor - 3300KV,emaxmodelstore,,,,https://emaxmodel.com/products/emax-1606-rs1606-3300kv-4000kv-brushless-motor-3-4s-for-rc-drone-fpv-racing-multi-rotor-3300kv,,
★EMAX 1306 RS1306 Version 2 RS1306B 2700KV 4000KV Brushless Motor 3-4S For RC Drone Multi Rotor - 2700KV,emaxmodelstore,,,,https://emaxmodel.com/products/emax-1306-rs1306-version-2-rs1306b-2700kv-4000kv-brushless-motor-3-4s-for-rc-drone-multi-rotor-2700kv,,
★EMAX GB4114  Brushless Gimbal Motor Hollow Shaft 42KV 85T,emaxmodelstore,,,,https://emaxmodel.com/products/emax-gb4114-brushless-gimbal-motor-hollow-shaft-42kv-85t,,
EMAX - Fabric 8mm wide adhesive tape for fpv racing Babyhawk R 3inch,emaxmodelstore,,,,https://emaxmodel.com/products/emax-fabric-8mm-wide-adhesive-tape-for-fpv-racing-babyhawk-r-3inch,,
★EMAX Hawk 5 FPV RC Drone Spare Parts Screws Hardware Kit,emaxmodelstore,,,,https://emaxmodel.com/products/emax-hawk-5-fpv-rc-drone-spare-parts-screws-hardware-kit,,
Emax HAWK 5 FPV Racing RC Drone F4 OSD BLHeli_S 30A 200mw 48CH Foxeer Arrow Micro V2 600TVL Cam PNP,emaxmodelstore,,,,https://emaxmodel.com/products/emax-hawk-5-fpv-racing-rc-drone-f4-osd-blheli_s-30a-200mw-48ch-foxeer-arrow-micro-v2-600tvl-cam-pnp,,
Emax HAWK 5 FPV Racing Drone F4 OSD BLHeli_S 30A FrSky XM+ RX Foxeer Arrow Micro V2 600TVL BNF,emaxmodelstore,,,,https://emaxmodel.com/products/emax-hawk-5-fpv-racing-drone-f4-osd-blheli_s-30a-frsky-xm-rx-foxeer-arrow-micro-v2-600tvl-bnf,,
Emax ES3054 17g 3.5kg 0.13sec 23T Metal Gear Digital Servo For RC Airplane ES3154 upgrade,emaxmodelstore,,,,https://emaxmodel.com/products/emax-es3054-17g-3-5kg-0-13sec-23t-metal-gear-digital-servo-for-rc-airplane-es3154-upgrade,,
Emax ES3053 17g 3.5kg 0.13sec 23T Plastic Gear Digital Servo For RC Airplane ES3153 upgrade,emaxmodelstore,,,,https://emaxmodel.com/products/emax-es3053-17g-3-5kg-0-13sec-23t-plastic-gear-digital-servo-for-rc-airplane-es3153-upgrade,,
EMAX ES3004 17g 3.5kg 0.13sec 23T Metal Gear Analog Servo For RC Airplane ES3104 upgrade,emaxmodelstore,,,,https://emaxmodel.com/products/emax-es3004-17g-3-5kg-0-13sec-23t-metal-gear-analog-servo-for-rc-airplane-es3104-upgrade,,
EMAX ES3003 17g 3.5kg 0.13sec 23T Plastic Gear Analog Servo For RC Airplane,emaxmodelstore,,,,https://emaxmodel.com/products/emax-es3003-17g-3-5kg-0-13sec-23t-plastic-gear-analog-servo-for-rc-airplane,,
Emax Babyhawk-R RACE(R) Edition 112mm F3 Magnum Mini 5.8G FPV Racing RC Drone 3S-4S BNF,emaxmodelstore,,,,https://emaxmodel.com/products/emax-babyhawk-r-racer-edition-112mm-f3-magnum-mini-5-8g-fpv-racing-rc-drone-3s-4s-bnf,,
EMAX Formula Series 45A ESC support  BLHELI_32 2-5S,emaxmodelstore,,,,,https://emaxmodel.com/products/emax-formula-series-45a-esc-support-blheli_32-2-5s,
★EMAX RS1106 II 4500KV 6000KV 7500KV Micro Brushless Motor CCW for FPV Racer,emaxmodelstore,,,,https://emaxmodel.com/products/emax-rs1106-ii-4500kv-6000kv-7500kv-micro-brushless-motor-ccw-for-fpv-racer,,
★EMAX Pagoda 2 Antenna 5.8G 80mm 8cm RHCP Red Omnidirectional Omni FPV Flat Panel SMA(2pcs),emaxmodelstore,,,,https://emaxmodel.com/products/emax-pagoda-2-antenna-5-8g-80mm-8cm-rhcp-red-omnidirectional-omni-fpv-flat-panel-sma2pcs,,
★EMAX D-SHOT Bullet Series 12A 2-4S BLHELI_S ESC 2.4g Support Onshot42 Multishot,Emax,,,,,https://emaxmodel.com/products/emax-d-shot-bullet-series-12a-2-4s-blheli_s-esc-2-4g-support-onshot42-multishot,
EMAX RS1104 5250kv Brushless Motors (With Prop T2345 Combo),emaxmodelstore,,,,https://emaxmodel.com/products/emax-rs1104-5250kv-brushless-motors-with-prop-t2345-combo,,
★EMAX RS2205S RaceSpec Motor(With Bullet 30A Combo),Emax,,30A,,https://emaxmodel.com/products/emax-rs2205s-racespec-motorwith-bullet-30a-combo,,
★EMAX RS2205 2300KV 2600KV RaceSpec Brushless Motor With 3-4S 30A BLHeli lightning ESC Power Combo,Emax,,,,,https://emaxmodel.com/products/emax-rs2205-2300kv-2600kv-racespec-brushless-motor-with-3-4s-30a-blheli-lightning-esc-power-combo,
★EMAX T5050 Prop 5Sets-10CW and 10CCW,emaxmodelstore,,,T5050,https://emaxmodel.com/products/emax-t5050-prop-5sets-10cw-and-10ccw,,
★Emax RS2205S Brushless Motor Bell Pack For with Magnet Screws for RC Drone FPV Racing,emaxmodelstore,,,,https://emaxmodel.com/products/emax-rs2205s-brushless-motor-bell-pack-for-with-magnet-screws-for-rc-drone-fpv-racing,,
★10pcs Emax FPV Racing Brushless Motor Aluminum Screws Nut for RS2205 RS2205S RS2306 M5,emaxmodelstore,,,,https://emaxmodel.com/products/10pcs-emax-fpv-racing-brushless-motor-aluminum-screws-nut-for-rs2205-rs2205s-rs2306-m5,,
EMAX BLHELI_S Bullet Series 35A 3-6S ESC 6.3g Support Onshot42 Multishot,emaxmodelstore,,,,,https://emaxmodel.com/products/emax-blheli_s-bullet-series-35a-3-6s-esc-6-3g-support-onshot42-multishot,
EMAX D-SHOT Bullet Series 30A 2-4S BLHELI_S ESC 3.9g Support Onshot42 Multishot,Emax,,,,,https://emaxmodel.com/products/emax-d-shot-bullet-series-30a-2-4s-blheli_s-esc-3-9g-support-onshot42-multishot,
EMAX D-SHOT Bullet Series 20A 2-4S BLHELI_S ESC 3.5g Support Onshot42 Multishot,Emax,,20A,,,https://emaxmodel.com/products/emax-d-shot-bullet-series-20a-2-4s-blheli_s-esc-3-5g-support-onshot42-multishot,
EMAX D-SHOT Bullet Series 15A 2-4S BLHELI_S ESC 3.5g Support Onshot42 Multishot,Emax,,,,,https://emaxmodel.com/products/emax-d-shot-bullet-series-15a-2-4s-blheli_s-esc-3-5g-support-onshot42-multishot,
★Emax RS2205S 2300KV 2600KV Racing Edition Brushless Motor for FPV Racing,Emax,,,,https://emaxmodel.com/products/emax-rs2205s-2300kv-2600kv-racing-edition-brushless-motor-for-fpv-racing,,
EMAX Skyline F3+OSD Flight Controller (Acro),emaxmodelstore,,,,https://emaxmodel.com/products/emax-skyline-f3-osd-flight-controller-acro,,
★EMAX Nighthawk-X6,emaxmodelstore,,,,https://emaxmodel.com/products/emax-nighthawk-x6,,
EMAX 4045 BN Prop Set-2CW and 2CCW,emaxmodelstore,,,,https://emaxmodel.com/products/emax-4045-bn-prop-set-2cw-and-2ccw,,
EMAX 5045 BN Bullnose PC Prop 1Set-2CW and 2CCW,emaxmodelstore,,,,https://emaxmodel.com/products/emax-5045-bn-bullnose-pc-prop-1set-2cw-and-2ccw,,
EMAX 3mm Replacement Lower Board for Nighthawk 170 Quadcopter Racer Model - BLACK,emaxmodelstore,,,,https://emaxmodel.com/products/emax-3mm-replacement-lower-board-for-nighthawk-170-quadcopter-racer-model-black,,
EMAX 1.5mm Replacement Center Board for Nighthawk 170 Quadcopter Racer Model - BLACK,emaxmodelstore,,,,https://emaxmodel.com/products/emax-1-5mm-replacement-center-board-for-nighthawk-170-quadcopter-racer-model-black,,
EMAX 1.5mm Replacement Front Board for Nighthawk 170 Quadcopter Racer Model - BLACK,emaxmodelstore,,,,https://emaxmodel.com/products/emax-1-5mm-replacement-front-board-for-nighthawk-170-quadcopter-racer-model-black,,
★EMAX Skyline32 Flight Controller (Advanced V1.2),emaxmodelstore,,,,https://emaxmodel.com/products/emax-skyline32-flight-controller-advanced-v1-1,,
★EMAX Skyline32 Flight Controller (Acro V1.2),emaxmodelstore,,,,https://emaxmodel.com/products/emax-skyline32-flight-controller-acro-v1-2,,
★EMAX Skyline32 Mini Flight Controller (Advanced V1.1),emaxmodelstore,,,,https://emaxmodel.com/products/emax-skyline32-mini-flight-controller-advanced-v1-1,,
★EMAX Power Distribution Board 0512 5V-12V-Version2  2-6S,emaxmodelstore,,,,https://emaxmodel.com/products/emax-power-distribution-board-0512-5v-12v-version2-2-6s,,
EMAX Power Distribution Board 0512 5V-12V,emaxmodelstore,,,,https://emaxmodel.com/products/emax-power-distribution-board-0512-5v-12v,,
EMAX Platics Motor For Multicopter PM1306,emaxmodelstore,,,,https://emaxmodel.com/products/emax-platics-motor-for-multicopter-pm1306,,
★EMAX MT2212 900KV Multirotor Motor - Cooling Series (With Prop1045 Combo),emaxmodelstore,,,,https://emaxmodel.com/products/emax-mt2212-900kv-multirotor-motor-cooling-series-with-prop1045-combo,,
★EMAX MT2208 Multirotor Motor - Cooling Series,emaxmodelstore,,,,https://emaxmodel.com/products/emax-mt2208-multirotor-motor-cooling-series,,
★EMAX MT2206 1500KV 1900KV Multirotor Motor - Cooling Series,emaxmodelstore,,,,https://emaxmodel.com/products/emax-mt2206-1900kv-brushless-motor-for-fpv-racing-quad-ccw,,
★Emax cooling series MT2204 MT2204 II 2300KV Brushless Motor For QAV250,emaxmodelstore,,,,https://emaxmodel.com/products/emax-cooling-series-mt2204-mt2204-ii-2300kv-brushless-motor-for-qav250,,
★EMAX Nano Series ESC 20A BLHeli Oneshot125 3-4S for Fpv racing 250,Emax,,20A ESC,,,https://emaxmodel.com/products/emax-nano-series-esc-20a-blheli-oneshot125-3-4s-for-fpv-racing-250,
★EMAX Nano Series ESC 12A V2-active braking 3S-4S,Emax,,,,,https://emaxmodel.com/products/emax-nano-series-esc-12a-v2-active-braking-3s-4s,
★EMAX Nano Series ESC 6A BLHELI Oneshot 125 1-2s 7g For multicopters Fpv racing,Emax,,,,,https://emaxmodel.com/products/emax-nano-series-esc-6a-blheli-oneshot-125-1-2s-7g-for-multicopters-fpv-racing,
EMAX Skyline32 Flight Controller-Advanced,emaxmodelstore,,,,https://emaxmodel.com/products/emax-skyline32-flight-controller-advanced,,
EMAX Multicopter motor MT2213 (With Prop1045 Combo) 935KV,emaxmodelstore,,,,https://emaxmodel.com/products/emx-mt-1534-emax-multicopter-motor-mt2213-with-prop1045-combo935kv,,
EMAX CF2822 1200KV Brushless Motor for RC Airplane Multicopter,emaxmodelstore,,,,https://emaxmodel.com/products/emax-cf2822-1200kv-brushless-motor-for-rc-airplane-multicopter,,
EMAX CF2812 1534KV Brushless Outrunner Motor For RC Model,emaxmodelstore,,,,https://emaxmodel.com/products/emax-cf2812-1534kv-brushless-outrunner-motor-for-rc-model,,
EMAX ES3351 10.6g Mini Plastic Gear Digital Servo for RC Airplane Glider,emaxmodelstore,,,,https://emaxmodel.com/products/emax-es3351-10-6g-mini-plastic-gear-digital-servo-for-rc-airplane-glider,,
EMAX ES6054 Top-class Metal Cased Brushless Digital Metal Gear Servo High Voltage Servo for RC Model,emaxmodelstore,,,,https://emaxmodel.com/products/emax-es6054-top-class-metal-cased-brushless-digital-metal-gear-servo-high-voltage-servo-for-rc-model,,
EMAX ES9252 Metal Case High Voltage Digital Top-class Rotor Tail and Swash Servo for 500-550 Class Helicopter,emaxmodelstore,,,,https://emaxmodel.com/products/emax-es9252-metal-case-high-voltage-digital-top-class-rotor-tail-and-swash-servo-for-500-550-class-helicopter,,
Emax ES3001 37g Plastic Analog Servo For RC Model,emaxmodelstore,,,,https://emaxmodel.com/products/emax-es3001-37g-plastic-analog-servo-for-rc-model,,
EMAX ES08MD II 13g Mini Metal Digital Servo For RC Model,emaxmodelstore,,,,https://emaxmodel.com/products/emax-es08md-13g-mini-metal-digital-servo-for-rc-model,,
EMAX ES08MA II 12g Mini Metal Gear Analog Servo for RC Model&Robot PWM servo,emaxmodelstore,,,,https://emaxmodel.com/products/emax-es08ma-ii-12g-mini-metal-gear-analog-servo-for-rc-model-robot-pwm-servo,,
EMAX ES08D Digital Nylon Gear Servo,emaxmodelstore,,,,https://emaxmodel.com/products/emax-es08d-digital-nylon-gear-servo,,
EMAX ES08A II Mini Plastic Gear Analog Servo 1.8kg-sec for RC Models &Robot,emaxmodelstore,,,,https://emaxmodel.com/products/emax-es08a-ii-mini-plastic-gear-analog-servo-1-8kg-sec-for-rc-models-robot,,
Emax ES9051 4.3g Digital Mini Servo For RC Model,emaxmodelstore,,,,https://emaxmodel.com/products/emax-es9051-4-3g-digital-mini-servo-for-rc-model,,
EMAX ES9251 II 4g Plastic Micro Digital Servo For RC Model,emaxmodelstore,,,,https://emaxmodel.com/products/emax-es9251-ii-4g-plastic-micro-digital-servo-for-rc-model,,
Emax MT2204 MT2206 Brushless Motor Prop Cap Nut CW-CCW 1pcs,emaxmodelstore,,,,https://emaxmodel.com/products/emax-mt2204-mt2206-brushless-motor-prop-cap-nut-cw-ccw-1pcs,,
EMax MT1804 MT1806 Brushless Motor Prop Cap Nut CW-CCW 1pcs,emaxmodelstore,,,,https://emaxmodel.com/products/emax-mt1804-mt1806-brushless-motor-prop-cap-nut-cw-ccw-1pcs,,
EMAX GB4008  Brushless Gimbal Motor Hollow Shaft 66KV 90T,emaxmodelstore,,,,https://emaxmodel.com/products/emax-gb4008-brushless-gimbal-motor-hollow-shaft-66kv-90t,,
EMAX GB4006 Brushless Gimbal Motor Hollow Shaft 90T 87KV,Emax,,,,https://emaxmodel.com/products/emax-gb4006-brushless-gimbal-motor-hollow-shaft-90t-87kv,,
EMAX GB2808 Brushless Gimbal Motor Hollow Shaft 70KV 100T,emaxmodelstore,,,,https://emaxmodel.com/products/emax-gb2808-brushless-gimbal-motor-hollow-shaft-70kv-100t,,
★UBEC board for EMAX Simon 4in1 ESC,emaxmodelstore,,,,,https://emaxmodel.com/products/ubec-board-for-emax-simon-4in1-esc,
★Power board 30A for EMAX Simon 4in1 ESC,emaxmodelstore,,,,,https://emaxmodel.com/products/power-board-30a-for-emax-simon-4in1-esc,
★EMAX MT Series MT5210 160KV 290KV Brushless Multi Copters Motor Multi - rotor Quadcopter RC Models Spare Parts - BLACK,emaxmodelstore,,,,https://emaxmodel.com/products/emax-mt-series-mt5210-160kv-290kv-brushless-multi-copters-motor-multi-rotor-quadcopter-rc-models-spare-parts-black,,
EMAX Simon Series 30A For Muti-Copter,emaxmodelstore,,,,,https://emaxmodel.com/products/emax-simon-series-30a-for-muti-copter,
★EMAX Simon Series 25A For Muti-Copter,emaxmodelstore,,25A,,,https://emaxmodel.com/products/emax-simon-series-25a-for-muti-copter,
EMAX Simon Series 20A For Muti-Copter,emaxmodelstore,,20A ESC,,,https://emaxmodel.com/products/emax-simon-series-20a-for-muti-copter,
EMAX Simon Series 12A For Multirotor,emaxmodelstore,,,,,https://emaxmodel.com/products/emax-simon-series-12a-for-multirotor,
★EMAX Multicopter motor MT3510,emaxmodelstore,,,,https://emaxmodel.com/products/emax-multicopter-motor-mt3510,,
EMAX Multicopter motor MT3506,emaxmodelstore,,,,https://emaxmodel.com/products/emax-multicopter-motor-mt3506,,
★EMAX Multicopter motor MT2808,emaxmodelstore,,,,https://emaxmodel.com/products/emax-multicopter-motor-mt2808,,
★ EMAX Multicopter motor MT2216 (With Prop1045 Combo),emaxmodelstore,,,1045,https://emaxmodel.com/products/emax-multicopter-motor-mt2216-with-prop1045-combo,,
★EMAX MT2206 Multirotor Motor,emaxmodelstore,,,,https://emaxmodel.com/products/emax-mt2206-multirotor-motor,,
★EMAX MT2204 2300KV Multirotor Motor,emaxmodelstore,,,,https://emaxmodel.com/products/emax-mt2204-2300kv-multirotor-motor,,
★EMAX Multicopter motor MT1804 KV2480,emaxmodelstore,,,,https://emaxmodel.com/products/emax-multicopter-motor-mt1804-kv2480,,
